{
    "rmse": 0.7482607388495136,
    "mae": 0.6091265712772921,
    "r2": 0.1169188705210602
}